qstr_Next_Page|Page suivante
qstr_Game_Rules:^|Règles du jeu :^
qstr_0|0
qstr_Show_game_rules|Afficher les règles du jeu
qstr_Continue...|Continuer.
qstr_Candidate_#1:_{s1}|Candidat #1 : {s1}
qstr_Candidate_#2:_{s1}|Candidat #2 : {s1}
qstr_{s3}_of_{s4}_wishes_|{s3} du {s4} souhaite choisir un nouveau maréchal et prend conseil auprès de ses vassaux. {s1} et {s2} sont les candidats.
qstr_Who_do_you_wish_to_s|Qui voulez-vous soutenir ?
qstr_{s1}_gives_his_suppo|{s1} vote pour {s2}.
qstr_Number_of_Supporters|Nombre de partisans : {reg0}
qstr_{s2}_has_heard_his_v|{s2} a écouté le conseil de ses vassaux. Il nomme {s1} maréchal du {s3}.
qstr_Action|Action
qstr_Mount|En selle
qstr_Attack_Type|Type d'attaque
qstr_Stand_Ground|Restez là
qstr_Charge|À l'assaut
qstr_Follow_Me|Suivez moi
qstr_Hold_This_Position|Tenez la position
qstr_Spread_Out|Dispersez les rangs
qstr_Stand_Closer|Resserrez les rangs
qstr_Fall_Back|Reculez
qstr_Advance|Avancez
qstr_Dismount|Pied à terre
qstr_Fire_At_Will|Feu à volonté
qstr_Hold_Your_Fire|Cessez le feu
qstr_Use_Blunt_Weapons|Utilisez des armes contondantes
qstr_Use_Any_Weapon|Utilisez tous les types d'armes
qstr_Ready|Prêts
qstr_Wounded|Avec blessures
qstr_Dead|Décés
qstr_Number_of_men_knocke|Nombre d'hommes blessés : {reg1}
qstr_Number_of_men_left:_|Nombre d'hommes perdus : {reg1}
qstr_Opponents_Beaten:_{r|Ennemis vaincus : {reg1}
qstr_Opponents_Remaining:|Ennemis restants : {reg1}
qstr_Remain_in_retirement|Rester en retrait.
qstr_Go_back_to_the_adven|Retourner à l'aventure.
qstr_You_have_retired_at_|Vous avez pris votre retraite au niveau {reg4} après {reg5} jours d'aventure.
qstr_Effect_on_Score|Effet sur le score
qstr_Settlements_owned_by|Domaines en votre possession : {reg0}
qstr_Friendly_Settlements|Villages amis : {reg0}
qstr_Hostile_Settlements:|Villages hostiles : {reg0}
qstr_Friendly_Lords:_{reg|Seigneurs amis : {reg0}
qstr_Enemy_Lords:_{reg0}|Seigneurs ennemis : {reg0}
qstr_Victories:_{reg0}|Victoires : {reg0}
qstr_Defeats:_{reg0}|Défaites : {reg0}
qstr_Quests_Completed:_{r|Quêtes accomplies : {reg0}
qstr_Companions_Found:_{r|Compagnons trouvés : {reg0}
qstr_Companions_Lost/Depa|Compagnons perdus/partis : {reg0}
qstr_Wealth:_{reg0}_denar|Fortune : {reg0} écus
qstr_Inventory:_{reg0}_de|Inventaire : {reg0} écus
qstr_Renown:_{reg0}|Renommée : {reg0}
qstr_Experience:_{reg0}|Expérience : {reg0}
qstr_Days_Passed:_{reg0}|Jours écoulés : {reg0}
qstr_Difficulty:_{reg0}%|Difficulté : {reg0}%
qstr_TOTAL_SCORE:_{reg0}|SCORE TOTAL : {reg0}
qstr_None|Rien
qstr_{s1}_of_{s3}_was_def|{s1} du {s3} a été vaincu mais est parvenu à s'enfuir.
qstr_{s54}_is_a_claimant_|{s54} est prétendant au trône du {s56}.
qstr_nowhere|Nulle part
qstr_{s57}_and_{s58}|{s57} et {s58}
qstr_{reg3?She:He}|{reg3?Elle:Il}
qstr_The_town_of_{s50}|La ville de {s50}
qstr_The_village_of_{s50}|Le village de {s50} près de {s52}
qstr_{s51}_belongs_to_{s1|{s51} appartient au {s1} du {s2}.^
qstr_{s7}_and_{s8}|{s7} et {s8}
qstr_{s2}It_has_no_villag|{s2} n'a pas de village.^
qstr_{s2}{reg0?Its_villag|{s2}{reg0?Ses fiefs sont:Son fief est} {s8}.^
qstr_{s2}Its_prosperity_i|{s2}Sa Prospérité est : {s50}
qstr_noone|Personne
qstr_{s9}_and_{s10}|{s9} et {s10}
qstr_{s5}_has_been_defeat|Le {s5} a été vaincu !
qstr_{s7}_opened_the_gate|{s7} a ouvert les portes
qstr_{s7}_closed_the_gate|{s7} a fermé les portes
qstr_+{reg1}_to_party_mor|+{reg1} au moral du groupe
qstr_Requires_{reg1}_inte|Comprendre ce livre nécessite {reg1} en intelligence
qstr_Reading_Progress:_{r|Progression de la lecture {reg1}%
qstr_wound_treament|Guérison
qstr_trainer|Mentor
qstr_surgery|Chirurgie
qstr_+1_to_{s1}_while_in_|+1 à la compétence {s1} si dans l'inventaire
qstr_Move_here|Aller ici
qstr_View_notes|Voir les notes
qstr_Accompany|Accompagner
qstr_killed|morts
qstr_wounded|avec blessures
qstr_{s0}^TOTAL:_{reg3}__|{s0}^TOTAL : {reg3}^{s2}
qstr_^None|^Aucune
qstr_nothing|Rien
qstr_{reg0}_village{reg1?|{reg0} village{reg1?s:}
qstr_{reg0}_castle{reg1?s|{reg0} château{reg1?x:}
qstr_{reg0}_castle{reg1?s:|{reg0} château{reg1?x:} et {s0}
qstr_{reg0}_town{reg1?s:}|{reg0} ville{reg1?s:}
qstr_{reg0}_town{reg1?s:}_|{reg0} ville{reg1?s:} et {s0}
qstr_{reg0}_town{reg1?s:}_{|{reg0} ville{reg1?s:}, {s0}
qstr_Your_opponents_are_r|Vos adversaires sont prêts à se battre.
qstr_Try_to_destroy_as_ma|Essayez de détruire autant de cibles que possible. Vous avez deux minutes et demie pour finir.
qstr_Stay_behind_the_line|Restez derrière la ligne au sol et visez les cibles. Essayez de ne pas rater de tir.
qstr_Battle_Advantage_=_{|Avantage tactique = {reg0}.
qstr_{s9}_wants_you_to_re|{s9} veut que vous suiviez son armée jusqu'à nouvel ordre.
qstr__Being_Raided_|(En train d'être pillé)
qstr__Looted_|(Pillé)
qstr__Under_Siege_|(Assiégé)
qstr_The_village_of_{s1}_|{s1} a été pillé par les {s2}.
qstr_{s3}_is_no_longer_un|Le siège de {s3} a été levé.
qstr_Small_bands_of_enemi|Petit groupe d'ennemis repéré près de {s1}.
qstr_Enemy_patrols_spotte|Patrouille ennemie repérée près de {s1}.
qstr_Medium_sized_group_o|Groupe moyen d'ennemis repéré près de {s1}.
qstr_Significant_group_of|Important groupe d'ennemis repéré près de {s1}.
qstr_Army_of_enemies_spot|Armée ennemie repérée près de {s1}.
qstr_Large_army_of_enemie|Grande armée ennemie repérée près de {s1}.
qstr_Great_host_of_enemie|Gigantesque armée ennemie repérée près de {s1}.
qstr_{s1}_has_been_besieg|{s1} est assiégée par le {s2} du {s3}.
qstr__{s1}__{s11}:_{s14}|({s1}) {s11} : {s14}
qstr_{s14}__{s21}_|{s14} ({s21})
qstr_{s1}_is_the_new_mars|{s1} est le nouveau maréchal du {s2}.
qstr_You_gained_{reg12}_r|Votre renommée augmente de {reg12}.
qstr_You_lose_{reg12}_ren|Votre renommée baisse de {reg12}.
qstr_Your_relation_with_{|Vos relations avec {s1} se sont améliorées.
qstr_Your_relation_with_{s|Vos relations avec {s1} se sont détériorées.
qstr_You_gain_honour.|Vous gagnez en honneur.
qstr_You_lose_honour.|Vous perdez en honneur.
qstr_{s1}_has_declared_wa|Le {s1} a déclaré la guerre au {s2}.
qstr_{s1}_and_{s2}_have_m|Le {s1} et le {s2} ont signé un traité de paix.
qstr_{s2}_{reg3?was:is_cu|{s2} {reg3?était:est en ce moment} à {s3}.
qstr_{s2}_{reg3?was:is}_t|{s2} {reg3?était:est} en route pour {s3} et {reg4?elle:il} {reg3?était:devrait être} près de {s4}{reg3?: en ce moment}. 
qstr_{s2}_{reg3?was:is}_i|{s2} {reg3?était:est} parti guerroyer et {reg4?elle:il} {reg3?était:devrait être} près de {s3}{reg3?: en ce moment}. 
qstr_{s2}_{reg3?was:is}_b|{s2} {reg3?était:est} prisonnier à {s3}.
qstr_{s2}_{reg3?was:has_b|{s2} {reg3?était:est} aux mains de ses ennemis.
qstr_{reg3?{s2}_s_locatio|{reg3?L'endroit où {s2} se trouvait était inconnu: Je ne sais pas où est {s2}}.
qstr_{s6}_has_joined_your|{s6} a rejoint votre groupe.
qstr_You_now_owe_{reg2}_d|Vous devez maintenant {reg2} écus à {s1}.
qstr_Renown_value_for_thi|La victoire augmente votre renommée de {reg8}.
qstr_You_have_run_into_a_|Vous êtes tombé dans une embuscade !
qstr_You_are_attacked_by_|Vous êtes assailli par un groupe de bandits !
qstr_Holding|Tenir la position
qstr_Following|Suivre
qstr_Charging|Charger
qstr_Advancing|Avancer
qstr_Falling_Back|Reculer
qstr_Standing_Closer|Resserrer les rangs
qstr_Spreading_Out|Disperser les rangs
qstr_Standing|Rester en position
qstr_N/A|N/A
qstr_Free|Libre
qstr_Any_Weapon|Toute arme
qstr_Blunt_Weapons|Armes contondantes
qstr_{s1}_Rebels|{s1} Rebelle
qstr_Given_by:_{s62}|Donnée par : {s62}
qstr_Given_on:_{s60}|Donnée le : {s60}
qstr_You_have_{reg0}_days|Vous avez {reg0} jours pour finir cette quête.
qstr_This_quest_has_been_|Cette quête est un succès, aller voir {s59} pour la valider.
qstr_This_quest_has_been_s|Cette quête est un succès, aller voir {s59} pour obtenir votre récompense.
qstr_This_quest_has_faile|Cette quête est un échec, aller voir {s59} pour lui expliquer la situation.
qstr_At_the_time_quest_wa|Au moment où la quête a été donnée :^{s1}
qstr_{s5}_has_a_strength_|Le {s5} dispose de {reg1} hommes.
qstr_The_last_time_you_sa|La dernière fois que vous l'avez {reg1?vue:vu}, {s1}
qstr_The_last_time_you_he|La dernière fois que vous avez entendu parler {reg1?d'elle:de lui}, {s1}
qstr_Current_garrison_con|La garnison actuelle est constituée de {reg5} hommes.^Il y a de la nourriture pour {reg6} jours.
qstr_Very_Poor|Très pauvre
qstr_Poor|Pauvre
qstr_Average|Moyenne
qstr_Rich|Riche
qstr_Very_Rich|Très Riche
qstr_Manor|Manoir
qstr_A_manor_lets_you_res|Un manoir vous permet de vous reposer dans le village et de réduire de moitié la solde de vos troupes tant que vous y serez.
qstr_Mill|Moulin
qstr_A_mill_increases_vil|Un moulin permet aux villageois de travailler plus efficacement et augmente la prospérité du village de 5%.
qstr_Watch_Tower|Tour de guet
qstr_A_watch_tower_lets_t|Une tour de guet permet aux villageois d'être avertis plus tôt en cas d'attaque. Le temps requis aux ennemis pour piller le village est augmenté de 50%.
qstr_School|École
qstr_A_shool_increases_th|Une école accroît votre popularité, et donc la loyauté des villageois envers vous de 1 point par mois.
qstr_Messenger_Post|Poste de messager
qstr_A_messenger_post_let|Un poste de messager permet aux habitants de vous envoyer un message quand des ennemis sont à proximité, même si vous êtes très loin d'ici.
qstr_Prison_Tower|Tour de prison
qstr_A_prison_tower_reduc|Une tour de prison permet de mieux surveiller les prisonniers et réduit les chances d'évasions.
qstr_Prosperity_of_{s2}_h|La prospérité de {s2} est passée de {s3} à {s4}.
qstr_{s4}_looks_upset.|{s4} semble mécontent.
qstr_your_party|votre groupe
qstr_{reg0?One_of_your_pr|{reg0?Un de vos prisonniers, :}{s1} du {s3} a réussi à s'échapper !
qstr_You_brought_{reg3}_h|Vous avez mené {reg3} têtes de bétail à {s1}.
qstr_I_heard_that_there_w|J'ai entendu dire qu'un tournoi se prépare à {s62}.
qstr_I_heard_that_one_can|J'ai entendu dire qu'à {s63}, il est possible d'acheter des articles pour un très bon prix. {s62}.
qstr_I_heard_that_they_pa|J'ai entendu dire qu'à {s63}, on paie fort bien certains articles. {s62}.
qstr_two_days_ago|il y a deux jours
qstr_Best_threat_of_{s4}_|La meilleure menace de {s4} à une valeur de {reg1}
qstr_No_center_found_to_d|Rien à défendre
qstr_You_gain_right_to_ru|Vous gagnez en droit de régner.
qstr_You_lose_right_to_ru|Vous perdez en droit de régner.
qstr_Vous_gagnez_1_point_|Vous gagnez 1 point en équitation.
qstr_Vous_etes_retablis.|Vous êtes rétabli.
qstr_You_got_keys_of_dung|Vous obtenez les clés du donjon.
qstr_Vous_etes_hors_de_co|Vous êtes hors de combat, regardez vos hommes se battre sans vous, ou pressez TAB pour ordonner la retraite.
qstr_Pour_regarder_le_com|Pour regarder le combat et bouger, pressez W, A, S, D, numpad +/numpad -, pour utiliser la camera pressez Numpad 1,2,3,4,6,8.
qstr_You_have_been_knocke|Vous êtes hors de combat. Regardez vos hommes continuer la bataille sans vous ou pressez Tab pour battre en retraite.
qstr_To_watch_the_fight_y|Pour regarder le combat et bouger, vous pouvez utiliser les touches Z, Q, S, D, numpad +/numpad -, pour utiliser la camera pressez Numpad 1,2,3,4,6,8.
qstr_You_must_stay_behind|Vous devez rester derrière la ligne, le point ne compte pas.
qstr_Tutorial|Tutoriel
qstr_Vous_etes_hors_de_com|Vous êtes hors de combat, regardez vos hommes se battre sans vous, ou pressez TAB pour ordonner la retraite.
qstr_Pour_regarder_le_comb|Pour regarder le combat, pressez 'W, A, S, D, numpad +/numpad -' pour avancer, et 'numpad 1,2,3,4,6,8' pour orienter la camera.
qstr_You_came_into_the_wo|Vous êtes {reg3?la fille:le fils} d'une famille noble sur le déclin, ne possédant plus que la maison dans laquelle ils vécurent. Cependant, malgré les épreuves, vous avez toujours reçu une bonne éducation et votre famille vous a {reg3?préparée:préparé} depuis votre enfance aux rigueurs de l'aristocratie et de la vie à la cour.
qstr_You_were_born_the_{r|Vous êtes {reg3?la fille:le fils} de marchands itinérants, parcourant le monde à la recherche du moindre profit. Bien que vos parents étaient plutôt aisés et vous éduquèrent de leur mieux, les opportunités de vous faire des {reg3?amies:amis} furent rares. Vous passiez le plus clair de votre temps à chercher à vendre n'importe quoi à n'importe qui.
qstr_As_a_child_your_fami|Quand vous étiez enfant, votre famille survivait grâce à la maigre solde que touchait votre père comme garde d'un seigneur local. Ce n'était pas une existence facile et vous étiez trop pauvre pour recevoir une instruction décente. Vous avez principalement appris à vous défendre vous-même dans les rues, avec ou sans arme.
qstr_{reg3?daughter:son}|{reg3?fille:fils}
qstr_You_were_the_{reg3?d|Vous étiez {reg3?la fille:le fils} d'une famille vivant dans les bois, faisant ce qu'il fallait pour joindre les deux bouts : chasser, couper le bois, fabriquer des arcs et même un peu de braconnage quand les temps devenaient durs. L'hiver n'était pas la meilleure période pour votre famille, le froid faisait mourir aussi bien les animaux que les gens. Mais vous avez survécu, tandis que vos frères et soeurs n'ont pas tous eu votre chance.
qstr_You_were_a_child_of_|Vous êtes enfant des steppes, {reg3?née:né} dans une tribu de nomades habitant d'immenses campements dans les plaines arides, au gré de leurs errances. Comme les autres membres de la tribu, votre famille attachait une importance capitale aux chevaux et vous avez appris à les monter avant de savoir marcher.
qstr_As_the_{reg3?daughte|En tant que {reg3?fille:fils} d'un voleur, l'éducation qui vous a été prodiguée ne fut pas vraiment "scolaire". Vous avez plutôt passé votre temps dans les rues, d'abord mendiant et quémandant, puis vivant de menus larcins, apprenant à soulager les bourses des riches bourgeois et à crocheter les serrures. Voilà qui résume assez bien toute votre enfance. Ces longues années vous ont néanmoins rendu {reg3?dégourdie:dégourdi} et à l'affût des secrets enfouis dans les villes et les arrière-cours.
qstr_As_a_{reg3?girl:boy}|{reg3?Adolescente:Adolescent}, on vous envoya vivre à la cour d'un noble de la région. Là-bas vos premières leçons de vie vous enseignèrent l'humilité, en servant les seigneurs et les dames du domaine. Mais par le biais de leurs parties d'échec, leurs commérages et même le récit de leurs exploits et de leurs amours courtois, vous avez rapidement commencé à comprendre le monde des adultes, fait de conflits et de compétitions. Vous avez également découvert la brutalité des jeux auxquels s'adonnaient les autres enfants, consistant à se battre avec des bâtons à l'image des épées de leurs ainés.
qstr_As_a_{reg3?girl:boy}_|{reg3?Adolescente:Adolescent}, vous êtes {reg3?devenue l'apprentie:devenu l'apprenti} d'un artisan local. Après plusieurs années de dur labeur et d'étude auprès de votre nouveau maître, il vous a {reg3?promue:promu} compagnon et vous a {reg3?embauchée:embauché} comme artisan à plein temps pour aussi longtemps qu'il vous plaira.
qstr_As_a_{reg3?girl:boy}_g|{reg3?Adolescente:Adolescent}, vous êtes {reg3?devenue l'apprentie:devenu l'apprenti} d'un riche marchand, apprenant le métier au fil des ans, de boutiques en caravanes ambulantes. Vous avez rapidement maîtrisé l'art d'acheter à bas prix pour revendre au prix fort, tout en laissant croire à vos clients qu'ils avaient fait une bonne affaire.
qstr_As_a_{reg3?girl:boy}_gr|{reg3?Adolescente:Adolescent} vous trainiez dans la rue, tout était bon pour survivre. Mendiant, volant, accomplissant de basses besognes pour les bandits du coin, vous viviez au jour le jour dans ce monde violent, toujours un peu au dessus des lois et échappant de peu à vos ennemis.
qstr_As_a_{reg3?girl:boy}_gro|{reg3?Adolescente:Adolescent}, vous chevauchiez dans les immenses plaines sur votre propre cheval, apprenant à dompter ces étendues sauvages et désertiques. Quoiqu'ayant parfois été en proie à la faim, vous êtes {reg3?devenue:devenu} particulièrement habile à la chasse et {reg3?douée:doué} pour retrouver votre chemin dans ces contrées sans repères. Votre musculature commença à se développer et votre corps à s'endurcir alors que vous entriez peu à peu dans la vie de nomade.
qstr_{reg3?daughter:man}|{reg3?fille:homme}
qstr_Though_the_distincti|Sans que vous y prêtiez particulièrement attention, la vie avait fait de vous {reg3?une femme:un homme}, le monde environnant vous sembla alors différent. Lorsque l'on vous a nommé écuyer d'un noble à la cour, vous vous êtes {reg3?entraînée:entraîné} de longues heures durant au maniement des armes, apprenant aussi bien à distribuer qu'à recevoir des coups. On vous enseigna le respect pour votre seigneur ainsi que vos devoirs envers ceux qui pourraient être un jour vos vassaux. On vous inculqua les idéaux de la chevalerie, mais aussi les aspects les moins reluisants (Les vieilles histoires guerrières contant les rapports de force de l'impitoyable politique, les traîtrises et les usurpations des hommes faisant usage autant de la fourberie que de la vaillance pour arriver à leurs fins).
qstr_{reg3?woman:man}|{reg3?une femme:un homme}
qstr_Though_the_distinctio|Sans que vous y prêtiez particulièrement attention, la vie avait fait de vous {s13}, le monde environnant vous sembla alors différent. Vous avez rejoint le cercle très fermé des femmes de la cour, des dames qui ne s'autorisaient aucun écart de féminité, les épouses et les maîtresses de nobles de même que les demoiselles qui cherchaient à se marier. Cependant, même ici il était question de politique, les dames de la cour complotant pour leurs intérêts et se disputant âprement les égards des hommes célibataires en vue à la cour. Vous avez très vite appris à tourner ces situations et ces manigances à votre avantage. C'est à ce moment-là que vous avez pris conscience que vous pouviez exercer une grande influence sur le monde, si seulement vous vous appliquiez à être un tant soit peu subtile.
qstr_Though_the_distinction|Sans que vous y prêtiez particulièrement attention, la vie avait fait de vous {s13}, le monde environnant vous sembla alors différent. Vous vous lancez dans l'aventure, votre instrument sanglé dans votre dos et votre voix pour seules possessions. Vous meniez une existence miséreuse et n'aviez pas de quoi vous nourrir tous les soirs, surtout quand votre public n'appréciait pas votre façon de jouer. Vous avez tout de même réussi à survivre par votre seule musique. Au fil des ans vous avez pris l'habitude de divertir les foules enivrées dans les tavernes, et êtes désormais capable de délier pour ainsi dire toutes les langues lorsque vous le voulez.
qstr_Though_the_distinction_|Sans que vous y prêtiez particulièrement attention, la vie avait fait de vous {reg3?une femme:un homme}, le monde environnant vous sembla alors différent. Vous étiez devenu {reg3?étudiante:étudiant} dans une université d'une grande ville, apprenant la théologie, la philosophie et la médecine. Mais vous n'avez pas seulement appris à la bibliothèque. Vous suiviez parfois vos camarades dans leurs quêtes d'ivresse, de femmes et de bonnes bagarres. C'est ainsi que vous avez fini par être tout autant capable d'observer comment est placée une mâchoire brisée que de persuader un citadin en colère de baisser son arme et d'accepter une compensation financière en échange du saccage de sa boutique.
qstr_Though_the_distinction_f|Sans que vous y prêtiez particulièrement attention, la vie avait fait de vous {s13}, le monde environnant vous sembla alors différent. L'appel de l'aventure fut le plus fort et vous avez commencé à voyager de village en village, achetant et vendant tout ce que vous trouviez. Vous ne meniez pas une existence particulièrement prospère mais vous étiez passé maître dans l'art d'escroquer même les plus indécrottables avares. Vous vous sentiez de plus en plus capable de vous lancer dans la grande aventure du commerce et même de monter votre propre empire.
qstr_Though_the_distinction_fe|Sans que vous y prêtiez particulièrement attention, la vie avait fait de vous {s13}, le monde environnant vous sembla alors différent. Vous poursuiviez votre carrière de forgeron, transformant avec habileté le moindre morceau de métal en des objets aussi beaux qu'utiles. Petit à petit vous êtes {reg3?devenue:devenu} maître dans votre domaine et votre travail de qualité vous permit de vendre votre production aux meilleurs prix. La panse bien remplie, vous pouviez le soir chez vous au coin d'un bon feu de cheminée être fier de votre travail et de votre réputation grandissante.
qstr_Though_the_distinction_fel|Sans que vous y prêtiez particulièrement attention, la vie avait fait de vous {s13}, le monde environnant vous sembla alors différent. Le monde qui vous entourait vous paraissait complètement différent. La lutte désespérée des gens ordinaires pour leur subsistance ne vous contentait guère, c'est pourquoi vous avez investi les forêts du seigneur de la région, profitant de ses ressources abondantes sans vraiment vous soucier des lois en vigueur. Vous chassiez les cerfs, les sangliers et les oies pour revendre leur précieuse chair. Vous abattiez des arbres au nez et à la barbe des guetteurs pour les transformer en bois de chauffage et ainsi permettre à de nombreux foyers en proie aux froideurs hivernales de se chauffer. Tout cela en échange d'un peu d'argent, bien sûr.
qstr_Only_you_know_exactl|Il n'y a que vous qui sachiez pourquoi vous avez abandonné votre ancienne vie et êtes {reg3?devenue une aventurière:devenu un aventurier}. Cela dit, quitter tout ce que vous aviez ne fut pas un choix difficile, vu la colère qui brûle en vous. Vous voulez la vengeance. Vous voulez la justice. Certaines blessures ne peuvent guérir qu'en faisant couler le sang.
qstr_Only_you_know_exactly|Il n'y a que vous qui sachiez pourquoi vous avez abandonné votre ancienne vie et êtes {reg3?devenue une aventurière:devenu un aventurier}. Tout ce que vous savez, c'est que vous ne supportiez plus de rester en ces lieux de rester dans ces lieux hantés par les souvenirs d'êtres tant aimés et tant regrettés. Peut-être votre nouvelle vie vous permettra-t-elle d'oublier, ou d'honorer, le nom que vous ne pouvez même plus prononcer...
qstr_Only_you_know_exactly_|Il n'y a que vous qui sachiez pourquoi vous avez abandonné votre ancienne vie et êtes {reg3?devenue une aventurière:devenu un aventurier}. Vous ne vous souvenez plus trop bien à partir de quel moment votre maison est devenue trop petite pour vous, ni quand votre quotidien vous a semblé insupportable. Votre soif de découverte fut la plus forte. En quête de grands espaces, de nouvelles découvertes, de nouveaux horizons, vous ne pouviez plus rester en place. Vous partîtes sans même un regard derrière vous...
qstr_Only_you_know_exactly_w|Il n'y a que vous qui sachiez pourquoi vous avez abandonné votre ancienne vie et êtes {reg3?devenue une aventurière:devenu un aventurier}. Cependant, vous savez que vous ne pouvez pas faire marche arrière. Il n'existe pas d'endroit où vous puissiez revenir. Votre vie d'antan n'est plus. Désormais, vous devrez affronter par vous-même le monde dans son immensité, solitaire dans l'échec comme dans la gloire...
qstr_Only_you_know_exactly_wh|Il n'y a que vous qui sachiez pourquoi vous avez abandonné votre ancienne vie et êtes {reg3?devenue une aventurière:devenu un aventurier}. Mais aux yeux de tous, seul compte pour vous l'appât du gain. Vous voulez tout, la richesse, le pouvoir et les honneurs. Vous voulez que l'on s'empresse de vous obéir, que l'on connaisse votre nom et que l'on tremble rien qu'en le prononçant. Vous voulez tout, et rien ne vous arrêtera...
qstr_Back_to_the_beginnin|Retour au début...
qstr_View_next_segment...|Suivant...
qstr_^No_food:___{reg7}|^Pas de nourriture : -{reg7}
qstr_^Wage_debt:___{reg6}|^Solde non versée : -{reg6}
qstr_Appoint_next_marshal|Nommer le prochain maréchal
qstr_Award_{s12}_as_fief|Attribuer {s12} comme fief
qstr_No_one|Aucun
qstr_Selected_faction_is:|La faction sélectionnée est : {s10}^^{s9}
qstr_You_are_currently_re|Vous lisez actuellement {s8}.
qstr_You_are_not_reading_|Actuellement vous ne lisez aucun livre.
qstr_none|Aucun
qstr_{s5}_and_{s6}|{s5} et {s6}
qstr_Your_estates_are:_{s|Vos fiefs sont : {s8}.^{s9}
qstr_Current_party_size_l|L'effectif maximal du groupe est actuellement de {reg5}.^Les facteurs influant sur l'effectif maximum du groupe sont:^^Effectif de base : +30^Commandement : {s2}{reg1}^Charisme : {s3}{reg2}^Renommée : {s4}{reg3}^TOTAL : {reg5}
qstr_Loyal|Idéales
qstr_Devoted|Exceptionnelles
qstr_Fond|Excellentes
qstr_Gracious|Très bonnes
qstr_Friendly|Amicales
qstr_Supportive|Cordiales
qstr_Favorable|Favorables
qstr_Cooperative|Coopératives
qstr_Accepting|Tolérantes
qstr_Indifferent|Neutres
qstr_Suspicious|Mitigées
qstr_Grumbling|Tendues
qstr_Hostile|Hostiles
qstr_Resentful|Pleines de rancoeur
qstr_Angry|Agressives
qstr_Hateful|Haineuses
qstr_Revengeful|Exécrables
qstr_Vengeful|Atroces
qstr_Your_relation_with_t|Vos relations avec les factions sont :^{s2}
qstr_Player_renown_is_inc|La renommée du joueur est augmentée de 100. 
qstr_Player_honor_is_incr|L'honneur du joueur a augmenté de 1 point et est maintenant de {reg7}.
qstr_{reg1}_{s1}_{reg2?ac|{reg1} {s1} {reg2?acceptent:accepte} votre offre.
qstr_No_one_accepts_the_o|Personne n'accepte votre offre...
qstr_You_start_reading_{s|Vous commencez à lire {s2}. Vous le gardez près de vous afin d'en lire quelques pages à chaque fois que vous en aurez l'occasion.
qstr_You_flip_through_the|Après avoir lu quelques pages du livre, vous vous apercevez que malgré vos efforts vous n'y comprenez pas grand chose, et une violente migraine met un terme à la lecture.
qstr_Villagers|Villageois
qstr_You_have_encountered|{s1}, l'affrontement est inévitable.
qstr_You_have_engaged_{s1|Vous attaquez {s1} tandis qu'ils pillent {s3}.
qstr_You_were_caught_by_{|Vous avez été {attaqué/attaquée} par {s1} tandis que vos forces pillaient {s3}.
qstr_You_were_victorious!|Vous êtes victorieux !
qstr_Battle_was_lost._You|Vous êtes {vaincu/vaincue}. Vos forces ont été écrasées.
qstr_Your_companions_carr|Vos compagnons vous traînent hors du champs de bataille.
qstr_You_have_defeated_th|Vous avez vaincu l'ennemi.
qstr_You_have_retreated_f|Vous avez rompu l'engagement.
qstr_^^Ally_Casualties:{s|^^Pertes alliées :{s0}
qstr_{s1}_of_{s3}_managed|{s1} du {s3} a réussi à s'enfuir.
qstr_Some_of_your_tendons|Vos bras vous font souffrir le martyre. Vous perdez 1 en force.
qstr_You_took_a_nasty_wou|Vous avez reçu une vilaine blessure qui vous fera boiter, même après sa guérison. Vous perdez 1 en agilité.
qstr_You_have_trouble_thi|Vous avez du mal à vous concentrer après la bataille, peut-être à cause d'un coup particulièrement violent à la tête, et de fréquents maux de tête vous gâchent l'existence. Vous perdez 1 en intelligence.
qstr_Perhaps_I_m_getting_|Peut-être que la chance m'abandonne.
qstr_Retirement_is_starti|La retraite semble s'imposer.
qstr_No_matter!_I_will_pe|Peu importe, je persévère !
qstr_What_did_I_do_to_des|Qu'ai-je fait pour mériter cela ?
qstr_I_suppose_it_ll_make|Je suppose que ça fera au moins une bonne histoire à raconter.
qstr_{s9}_wants_you_to_fo|{s9} souhaite que vous suiviez son armée jusqu'à nouvel ordre.
qstr_{s8}_of_{s9}|{s8} du {s9}
qstr__Your_own_banner_fli|Votre bannière flotte au-dessus de la porte du château.
qstr__You_see_the_banner_|Vous reconnaissez la bannière de {s7} au-dessus de la porte du château.
qstr__Your_own_banner_flie|Votre bannière flotte au-dessus des portes de la ville.
qstr__You_see_the_banner_o|Vous reconnaissez la bannière de {s7} au-dessus des portes de la ville.
qstr_The_{reg6?town_s:cas|Les réserves {reg6?de la ville:du château} devraient permettre de tenir encore {reg3} jours.
qstr_The_{reg6?town_s:cast|Les réserves {reg6?de la ville:du château} sont épuisées et les défenseurs meurent de faim.
qstr_You_re_preparing_to_|Vous vous préparez à attaquer les murailles, le travail sera fini dans {reg9} heures.
qstr_Your_forces_are_buil|Vos hommes construisent une tour de siège (Sa construction prendra encore {reg9} heures).
qstr_You_are_ready_to_att|Vous êtes prêt à attaquer les murailles si tel est votre souhait.
qstr_The_siege_tower_is_b|La tour de siège est terminée et prête à servir.
qstr_As_a_last_defensive_|Dans un dernier effort, vous battez en retraite jusqu'au hall du donjon. Avec vos derniers soldats vous engagez un combat désespéré. Si vous êtes vaincu, cet endroit sera le dernier que vous ayez connu.
qstr_You_ve_been_driven_a|Les murs sont aux mains de l'ennemi et les assaillants se répandent dans les rues. Si vous les battez, peut-être parviendrez-vous à retourner la situation en votre faveur.
qstr_You_ve_breached_the_|Vous vous êtes emparé des murs mais les défenseurs continuent à résister dans les rues. Vous devez vous en occuper avant de pouvoir vous attaquer au château, au centre de la ville.
qstr_The_town_centre_is_y|La ville est à vous mais les défenseurs restants ont battu en retraite dans le château. Il faut vous en emparer afin de compléter votre victoire.
qstr_The_remaining_defend|Les défenseurs restants se sont retranchés dans le château dans un ultime effort. Vous devez lancer l'assaut et les éliminer.
qstr_However_since_you_ar|Cependant, puisque que vous n'avez pas prêté allégeance à {s9}, il n'y a aucune chance qu'il vous attribue {reg8?cette ville:ce château}.
qstr_The_enemy_has_been_f|Les ennemis ont été contraints de battre en retraite. L'assaut est terminé mais le siège continue.
qstr_As_you_approach_you_|Les gardes du château vous voient arriver, ils souhaitent la bienvenue à leur Duc et vous ouvrent les portes.
qstr_As_you_approach_you_a|Les gardes du château vous voient arriver, ils souhaitent la bienvenue à leur seigneur et vous ouvrent les portes.
qstr__This_village_and_th|Ce village et ses alentours vous appartiennent.
qstr__You_remember_that_t|{s7} possède ce village et ses alentours.
qstr__These_lands_belong_|Ces terres n'appartiennent à personne.
qstr__The_village_is_infe|Le village est occupé par {reg8} {s35}.
qstr__The_village_has_bee|Le village a été pillé. Une poignée de survivants erre sans but tandis que vous avancez parmi les restes calcinés des maisons. 
qstr__The_village_is_bein|Le village est en train d'être pillé !
qstr_No_one_here_seems_to|Personne ici ne veut rejoindre votre groupe.
qstr_One_{s3}_volunteers_|{s3} est l'unique volontaire à vouloir rejoindre votre groupe.
qstr_{reg5}_{s3}_voluntee|{reg5} {s3} souhaitent vous suivre.
qstr_Try_as_you_might_you|Malgré vos efforts, vous n'avez pu venir à bout des bandits. Furieux, ils rasent le village jusqu'à la dernière pierre afin de punir les paysans, laissant derrière eux ruines et désolation, puis ils partent à la recherche d'autres terres à piller.
qstr_village|le village
qstr_town|la ville
qstr_castle|le château
qstr_The_{s17}_has_no_imp|Actuellement, {s17} n'a aucun aménagement.
qstr_The_{s17}_has_the_fo|Actuellement, {s17} possède des aménagements : {s18}.
qstr_The_assasins_beat_yo|Les assassins sont plus forts que vous et vous laissent pour mort.
qstr_You_have_fallen._The|Vous avez été vaincu. Les bandits fouillent rapidement votre corps à la recherche d'argent puis disparaissent dans la nuit. Ils vous laissent sur le sol, baignant dans votre sang.
qstr_Luckily_some_of_your|Alors que vous ne reveniez pas, quelques uns de vos compagnons sont partis à votre recherche. Ils vous trouvent gisant sur le bord de la route. Ils s'empressent de vous mettre à l'abri puis pansent vos plaies.
qstr_Luckily_some_passing|Par chance quelques citadins vous trouvent gisant sur le bord de la route et se rendent compte que vous n'êtes pas un simple mendiant. Ils vous transportent à l'auberge la plus proche et pansent vos plaies.
qstr_You_fail_to_steal_an|Vous ne parvenez pas à voler de bétail.
qstr_You_drive_away_{reg1|Vous emportez {reg17} {reg12?têtes:tête} de bétail du troupeau du village.
qstr_You_are_at_{s2}.|Vous êtes à {s2}.
qstr__This_castle_has_no_| La garnison du château n'a pas de régisseur.
qstr__This_town_has_no_ga| La garnison de la ville n'a pas de régisseur.
qstr__You_have_successful| Vous avez réussi à vous infiltrer.
qstr_{s13}_A_tournament_w|{s13} Un tournoi est sur le point de débuter.
qstr___{reg1}_denars_per_|(Écus par nuit : {reg1})
qstr_Moreover_you_earn_{r|Vous recevez en plus {reg8} écus, résultat de vos paris judicieux.
qstr_Victory_is_yours!_Yo|La victoire est vôtre ! Vous avez remporté ce combat. Préparez-vous maintenant pour le tour suivant. 
qstr_You_have_been_bested|Vous n'avez pas été le meilleur dans cette lutte mais le maître de cérémonie vous permet, pour votre bravoure et de votre adresse au combat, de prendre part au tour suivant. 
qstr_You_were_beaten._The|Vous avez été vaincu. Les paysans ont été encouragés par leur succès mais les leçons que vous leur avez données n'ont pas été bien suivies.
qstr_After_beating_your_l|La démonstration est terminée, vous expliquez aux volontaires comment mieux se défendre face à de telles attaques. Cette expérience leur sera sans doute profitable pour la prochaine fois.
qstr_The_bandits_are_brok|La vie vaut ce qu'elle nous a coûté d'efforts, la racaille est à terre. Les quelques survivants s'enfuient sans se retourner, terrifiés par l'ardeur des paysans et de leur nouveau champion.
qstr_{s1}_s_Ship|Le vaisseau de {s1}
qstr_However_{reg3?You_ar|Cependant, {reg3?vous êtes:{s1} est} incapable de trouver comment tirer profit de ce qui est vendu ici.
qstr_^Buying_{s4}_here_an|^Acheter {s4} ici et le revendre à {s5} devrait permettre de faire un bénéfice de {reg6} écus pour chaque pièce.{s3}
qstr_{reg3?You_find:{s1}_|{reg3?Votre groupe:{s1}} découvre ceci :^{s3}
qstr_{s2}^{reg1}_{s1}_ear|{s2}^{reg1} {s1} ont gagné {reg0} points d'expérience.
qstr_{s2}^{s1}_earned_an_|{s2}^{s1} a gagné {reg0} points d'expérience.
qstr_^You_earned_{reg0}_e|^Vous avez gagné {reg0} points d'expérience.{s2}
qstr_The_training_didn_t_|L'entraînement s'est mal passé.
qstr_The_training_didn_t_g|L'entraînement ne s'est pas très bien passé.
qstr_The_training_went_qu|L'entraînement s'est plutôt bien passé.
qstr_The_training_went_ve|L'entraînement s'est très bien passé.
qstr_The_training_went_pe|L'entraînement s'est déroulé à la perfection.
qstr_{s13}_asked_you_to_r|{s13} vous a demandé de vous présenter devant lui avec au moins {reg13} soldats.
qstr_{s13}_ordered_you_to|{s13} vous a ordonné de vous joindre au prochain assaut contre {s14}.
qstr_Find_and_speak_with_|Trouvez {s3} du {s4} pour lui prêter serment d'allégeance.
qstr_There_has_been_an_al|Il y a eu un incident frontalier : {s9}
qstr_^^Note_that_so_long_|^^Note que, tant que vous restez maréchal, les seigneurs du royaume attendent que vous les enmeniez guerroyer. Donc, si vous êtes a l'affut d'une fête, ou prepariez un mariage ou etes occupé à d'autres taches, vous devriez demissioner de votre siege de maréchal.
qstr_Breaking_camp...|Le groupe lève le camp.
qstr_Your_party_is_spotte|Votre groupe est visible de {s1}.
qstr_Party_has_nothing_to|Vous n'avez n'a rien à manger !
qstr_{reg1}_{s1}_{reg2?ha|{reg1} {s1} {reg2?ont:a} profité de la nuit pour s'enfuir.
qstr_{s1}_of_{s3}_has_bee|{s1} du {s3} a été relâché.
qstr_Building_of_{s0}_in_|La construction de {s0} à {s4} est terminée.
qstr_{s1}_has_won_the_tou|{s1} a remporté le tournoi à {s2}.
qstr_{s1}_is_no_longer_in|{s1} n'a plus rien à craindre des bandits.
qstr_You_pay_for_accommod|Paiement des frais d'hébergement.
qstr_Betrothal_to_{s5}_ex|Les fiançailles {s5} ont expiré.
qstr__Your_tactics_skill_| Votre compétence Tactique augmente de 1.
qstr__Your_persuasion_ski| Votre compétence Persuasion augmente de 1.
qstr__Your_leadership_ski| Votre compétence Commandement augmente de 1.
qstr__Your_intelligence_h| Votre Intelligence augmente de 1.
qstr__Your_trade_skill_ha| Votre compétence Marchandage augmente de 1.
qstr__Your_weapon_master_| Votre compétence Maître d'armes augmente de 1.
qstr__Your_engineer_skill| Votre compétence Ingénierie augmente de 1.
qstr_You_have_finished_re|Vous avez terminé {s1}. {s2}
qstr_Book_Read|Livre terminé.
qstr_{s1}_is_scouted.|Vous avez exploré {s1}.
qstr_{s1}_has_switched_fr|{s1} est passé du {s2} au {s3}.
qstr_{reg65?my_Lady:my_Lo|{reg65?ma noble dame:monseigneur}
qstr_{reg65?My_Lady:My_Lo|{reg65?Ma noble dame:Monseigneur}
qstr_{reg65?madame:sir}|{reg65?madame:Messire}
qstr_{reg65?Madame:Sir}|{reg65?Madame:Messire}
qstr__no_fiefs_|(pas de fief)
qstr__fiefs:_{s0}_|(fiefs: {s0})
qstr_It_s_your_money_or_y|La bourse ou la vie, {mon gars/fillette}, et pas de gestes brusques ou on vous rentre dans le lard.
qstr_Lucky_for_you_you_ca|Vous avez de la chance, je suis de bonne humeur. Donnez-moi vos écus et peut-être vous laisserai-je la vie sauve. Une bourse vide vaut mieux que l'ennui de perdre la vie pour la conserver pleine.
qstr_This_a_robbery_eh?_I|On appelle cela du vol, je crois. Je vous laisse une chance de me donner tout ce que vous avez ou mes compagnons et moi nous vous tuerons. C'est compris ?
qstr_we_have_made_very_li|nous n'avons fait que peu de progrès jusqu'à présent.
qstr_we_have_suceeded_in_|nous avons réussi à obtenir quelques terres mais nous avons encore un long chemin à parcourir.
qstr_we_have_become_a_sig|nous avons acquis une certaine puissance et je pense que nous avons nos chances.
qstr_we_are_winning_the_w|nous sommes en passe de gagner, mais nos ennemis n'ont toujours pas lâché prise.
qstr_we_are_on_the_verge_|nous sommes sur le point de l'emporter. Les quelques ennemis qui restent ne sont plus une menace, mais nous devons continuer à les pourchasser.
qstr_Ecu|Écu
qstr_Lys|Lys
qstr_Presser_TAB_pour_con|Presser TAB pour continuer après le dialogue.
qstr_{playername}_when_we|{playername}, lorsque nous avons entamé notre quête, peu de personnes ont eu le courage de me soutenir. Et encore moins souhaitaient risquer leur vie pour ma cause. Mais vous n'avez pas hésité un seul instant à vous attaquer à nos ennemis. Nous avons eu des moments difficiles ensemble et plus d'une fois j'ai failli perdre espoir. Mais, grâce aux cieux, nous avons gagné. Il est temps pour moi maintenant de vous laisser et de prendre ce qui me revient de droit. A partir de maintenant il m'incombe l'immense responsabilité de diriger {s3}. Bien des épreuves nous attendent encore et je compte sur votre aide pour les surmonter. Et, bien entendu, vous resterez toujours mon premier et plus loyal vassal.
qstr__We_will_of_course_n|Nous attendrons bien entendu que la campagne ait pris fin.
qstr_I_am_{s4}_the_ruler_|Je suis {s4}, souverain du {s6}
qstr_I_am_{s4}_a_vassal_o|Je suis {s4} vassal du {s6}
qstr_{s9}{reg5?_and_the_l|{s9}{reg5? et seigneur de {s8}.:.
qstr_{s13}_asked_you_to_g|{s13} vous demande de rassembler {reg3} têtes de bétail et de les lui livrer.
qstr_{s9}_asked_you_to_sc|{s9} vous demande d'explorer {s13}, {s14} et {s15}, puis de lui rapporter ce que vous y avez vu.
qstr_you|Vous
qstr_You_are_challenging_|Vous me provoquez en duel ? Comme c'est amusant, c'est comme vous voudrez, {playername}. Vous défoncer le crâne sera pour moi un bon exercice.
qstr_{s16}_and_{s17}|{s16} et {s17}
qstr_Very_well_I_will_acc|Très bien, je vous accepte à nouveau dans nos rangs, si vous me donnez votre parole d'honneur que vous nous serez fidèle cette fois.
qstr_A_pardon_will_only_b|Vous serez peut-être pardonné si vous consentez à me livrer {s17}. Acceptez-vous ces conditions ?
qstr_No._There_is_no_chan|Non, cela ne m'intéresse pas, je ne vois pas pourquoi je vous accorderais cette grâce.
qstr_Our_marshal_{s1}|Notre maréchal, {s1}
qstr_{s11}_and_{s12}|{s11} et {s12}
qstr_We_are_not_at_war_wi|Nous vivons enfin des heures de paix.
qstr_We_are_at_war_with_{|Nous sommes en guerre avec le {s12}.
qstr_go_on_the_offensive_|Attaquez maintenant.
qstr_act_to_defend_our_la|Défendez nos terres.
qstr_take_more_time_to_ga|Prenez un peu plus de temps pour recruter plus d'hommes.
qstr_You_promised_to_help|Vous avez promis d'aider {s13} à récupérer le trône de {s14}.
qstr_What_do_you_say_to_e|Que diriez-vous d'entrer au service de {s9} en tant que capitaine mercenaires ? Il ne fait pour moi aucun doute que vous serez à la hauteur de cette tâche.
qstr_{s9}_asked_you_to_ta|{s9} vous a demandé de porter un message à {s13}. {s13} se trouvait à {s4} au moment où cette quête vous a été confiée.
qstr_{s9}_asked_you_to_tak|{s9} vous a demandé de transmettre une lettre à {s13} du {s15}. {s13} se trouvait à {s4} au moment où cette quête vous a été confiée.
qstr_{s11}_asked_you_to_e|{s11} vous a demandé d'escorter sa {s17} {s13} à {s14}.
qstr_{s13}_asked_you_to_d|{s13} vous a demandé de vous occuper des bandits qui terrorisent les habitants de {s15} et de lui faire ensuite votre rapport.
qstr_{s9}_asked_you_to_ra|{s9} vous a demandé d'entraîner {reg1} {s14} et de les lui amener.
qstr_{s9}_asked_you_to_co|Le {s9} vous a demandé de collecter les taxes de {s3}. Il vous accordera un cinquième du montant récolté.
qstr_{s9}_asked_you_to_hu|{s9} vous a demandé de traquer un fugitif du nom de {s4}. On raconte qu'il se cache à {s3}.
qstr_{s9}_asked_you_to_as|{s9} vous a demandé d'assassiner un marchand de {s3}.
qstr_{s9}_has_asked_you_t|{s9} vous a demandé de rencontrer un espion à {s13}.
qstr_{s11}_asked_you_to_f|{s11} vous a demandé de suivre l'espion qui quittera bientôt {s12}. Vous devez veiller à rester hors de sa vue car il pourrait se douter de quelque chose et faire demi-tour. Une fois que l'espion rencontrera son complice, vous devrez les capturer tous les deux et les amener à {s11}.
qstr_{s11}_asked_you_to_c|{s11} vous a demandé de capturer un seigneur du {s13}, n'importe lequel, et de le lui amener.
qstr_{s9}_asked_you_to_le|{s9} vous a demandé de lui prêter {s3} pour la semaine.
qstr_{s9}_asked_you_to_col|{s9} vous a demandé de récupérer une dette s'élevant à {reg4} écus auprès de {s3}. {s3} était à {s4} lorsque la quête vous a été confiée.
qstr_{s11}_gave_you_a_fak|{s11} vous a donné une fausse lettre afin que {s13} se débarrasse de son fidèle vassal, {s16}. Vous devez vous rendre près de {s14}, donner la lettre à l'un de vos {s15} et l'envoyer en ville en tant que messager. Il est important qu'il n'ait pas conscience de vos motivations réelles.
qstr_{s9}_has_requested_y|{s9} vous a demandé de capturer {reg1} {s3}.
qstr_Lend_your_experience|Prêtez votre chirurgien, {s3}, au {s1}.
qstr_Then_take_it_with_my|Tenez, avec ma gratitude éternelle. J'admire votre noblesse de coeur, je n'oublierai jamais ce que vous avez fait pour moi.
qstr_Forgive_me_{playerna|Pardonnez-moi {playername}, mais j'insiste pour que vous acceptiez. Cet argent ne représente pas grand chose pour moi et je vous dois tant, prenez-le et n'en parlons plus.
qstr_{playername}_what_a_|{playername}, de quelle noblesse vous faites preuve ! Mais je ne vous autorise pas à refuser. Vous avez fait bien plus pour moi que vous ne le pensez et je suis sûr que vous ferez un meilleur usage que moi de cet argent.
qstr_{s11}_asked_you_to_r|{s11} vous a demandé de sauver son {s17}, {s13}, retenu à {s14}, en échangeant vos vêtements afin que vous puissiez prendre sa place en prison.
qstr_{s11}_asked_you_to_re|{s11} vous a demandé de sauver sa {s17}, {s13}, retenue à {s14}.
qstr_{s11}_asked_you_to_d|{s11} vous a demandé de transmettre un message à {s13}, qui est emprisonné à {s14}.
qstr_You_agreed_to_challe|Vous avez accepté de défier {s13} pour défendre l'honneur de {s11}.
qstr_{s5}__Persuasion_str|{s5} (Facteur de persuasion : {reg5})
qstr_Persuasion_Attempt|Tentative de Persuasion
qstr_A_villager_from_{s7}|Un villageois de {s7} vous a supplié de sauver son village des bandits qui s'y sont installés.
qstr_You_chose_well_{sir/|Vous avez fait le bon choix {Messire/madame}, mes gars ont toujours su mériter leur paie.
qstr_Well_done_{sir/madam|Bien {Messire/madame}, donnez-nous du vin et des écus et vous n'aurez nul rival dans toute la France.
qstr_We_are_at_your_servi|Nous sommes à votre service, {Messire/madame}. Montrez-nous ceux qui ont besoin d'une leçon et nous nous occupons du reste.
qstr_The_Guildmaster_of_{|Le maître de Guilde de {s13} vous a demandé de vous occuper des pilleurs qui rôdent autour de la ville.
qstr_{s9}_of_{s3}_asked_y|{s9} de {s3} vous a demandé de livrer {reg5} {s6} à la taverne de {s4} dans les 7 jours.
qstr_Escort_the_merchant_|Escortez la caravane marchande jusqu'à {s8}.
qstr_Merchant_{s9}_of_{s4|Les marchands {s9} de {s4} vous ont demandé de débarrasser {s4} des bandits particulièrement virulents qui sévissent aux alentours de la ville.
qstr_Guildmaster_of_{s4}_|Le maître de Guilde de {s4} vous a donné {reg12} écus pour payer la rançon d'une jeune fille enlevée par des bandits. Vous devez trouver ces bandits qui se trouvent près de {s3} et payer la rançon. Ensuite, vous devrez raccompagner la jeune fille à {s4}.
qstr_Guildmaster_of_{s4}_p|Le maître de Guilde de {s4} vous a promis {reg12} écus si vous vous assurez que {s12} et {s13} cessent de s'opposer à une trêve entre {s15} et {s14}. Pour cela, vous devez les convaincre ou les faire prisonniers jusqu'à ce que la paix soit effective.
qstr_The_Guildmaster_of_{s|Le maître de Guilde de {s14} vous a demandé de vous occuper des bandits qui terrorisent {s14}. Ils n'attaquent que de nuit et seulement ceux qui se promènent seuls.
qstr_Guildmaster_of_{s10}|Le maître de la guilde de {s10} vous a demandé de mener un troupeau de vaches jusqu'à {s13}. Vous gagnerez {reg8} écus en récompense.
qstr_He_is_not_commanding|Il n'a aucun homme sous ses ordres pour le moment.
qstr_He_currently_command|Il commande en ce moment {reg0} hommes{reg1?, dont {reg1} avec des blessures:}.
qstr_The_elder_of_the_vil|L'Ancien du village de {s3} vous a demandé de lui apporter {reg5} sacs de grain.
qstr_The_elder_of_the_vill|L'Ancien du village de {s13} vous a demandé d'entraîner {reg5} fermiers afin d'organiser la défense contre les bandits. 
qstr_The_elder_of_the_villa|L'Ancien du village de {s3} vous a demandé de lui apporter {reg5} têtes de bétail.
qstr_{s16}_and_{s15}|{s16} et {s15}
qstr_I_can_smell_a_fat_pu|Je n'irai pas par quatre chemins, l'odeur de votre bourse attise ma convoitise, puis-je convenablement l'alléger ?
qstr_Why_it_be_another_tr|Comme les voyageurs sont fréquents en ce moment sur ces chemins, je dois vous avertir que cela augmente d'autant les dangers pour {un brave homme/une brave dame} comme vous. En échange d'une modeste rétribution, on peut garantir votre sécurité. Qu'en dites-vous ?
qstr_Well_well_look_at_th|Il y a des circonstances où il faut savoir délier sa bourse, {mon ami/mon amie}, ou nous pourrions nous montrer désobligeants.
qstr_There_s_a_toll_for_p|Il faut acquitter un droit de passage pour pouvoir continuer sa route en toute quiétude. Donc si cela ne vous fait rien, on va se servir nous-mêmes dans votre bourse.
qstr_Another_fool_come_to|Il ne faut pas contrarier les imbéciles qui veulent s'empaler sur ma lame, qu'on leur donne ce plaisir !
qstr_We_re_not_afraid_of_|Point de peur à vous rencontrer, la mort vous guette et nous vous délesterons de tout l'or qui embarrasse vos poches !
qstr_That_was_a_mistake._|J'admire votre erreur, il est maintenant temps de la payer, une mort lente et douloureuse vous attend.
qstr_Brave_words._Let_s_s|Les belles paroles ne sont qu'illusions, les actes feront la différence, les miens seront destructeurs et se solderont par votre mort.
qstr_A_{s5}?_Well..._Yes_|Un {s5} ? Eh bien je suppose que oui. Quelle drôle de question !
qstr_Eh?_No_it_most_certa|Pardon ? Non, ce n'est pas du tout un {s5}, à votre place je me poserais des questions sur ma vue.
qstr_This_is_the_{reg4?to|C'est {reg4?la ville:le village} qui a pour nom {s5}, {Messire/madame}.
qstr_{s6}_Our_{reg4?town:|{s6} Notre {reg4?ville:village} et ses environs vous appartiennent.
qstr_{s6}_Our_{reg4?town:v|{s6} Notre {reg4?ville:village} et ses environs appartiennent à l'honorable {s7} du {s8}.
qstr_{s3}_and_{s5}|{s3} et {s5}
qstr_{reg20?We_mostly_pro|{reg20? Ici nous produisons surtout: {s5}:Nous ne produisons pas grand-chose ces temps-ci}. Si vous voulez en apprendre davantage, vous devriez vous adresser {reg4?au maître de Guilde:à l'ancien du village}. Il est sans doute dans le coin.
