trp_multiplayer_profile_troop_male|homme de troupe, profil multijoueur
trp_multiplayer_profile_troop_male_pl|hommes de troupe, profil multijoueur
trp_multiplayer_profile_troop_female|femmes de troupe, profil multijoueur
trp_multiplayer_profile_troop_female_pl|femmes de troupe, profil multijoueur
trp_temp_troop|Troupe temporaire
trp_temp_troop_pl|Troupes temporaires
trp_find_item_cheat|triche – recherche d'objet
trp_find_item_cheat_pl|triches - recherche d'objet
trp_random_town_sequence|Série aléatoire de bourgs
trp_random_town_sequence_pl|Séries aléatoires de bourgs
trp_tournament_participants|Paticipants du tournoi
trp_tournament_participants_pl|Participants du tournoi
trp_tutorial_maceman|Homme avec masse d'armes
trp_tutorial_maceman_pl|Hommes avec masse d'armes
trp_tutorial_archer_pl|Archers
trp_tutorial_swordsman|Épéiste
trp_tutorial_swordsman_pl|Épéistes
trp_novice_fighter|Combattant novice
trp_novice_fighter_pl|Combattants novices
trp_regular_fighter|Combattant régulier
trp_regular_fighter_pl|Combattants réguliers
trp_veteran_fighter|Combattant vétéran
trp_veteran_fighter_pl|Combattants vétérans
trp_champion_fighter|Combattant aguerri
trp_champion_fighter_pl|Combattants aguerris
trp_arena_training_fighter_1|Combattant novice
trp_arena_training_fighter_1_pl|Combattants novices
trp_arena_training_fighter_2|Combattant novice
trp_arena_training_fighter_2_pl|Combattants novices
trp_arena_training_fighter_3|Combattant régulier
trp_arena_training_fighter_3_pl|Combattants réguliers 
trp_arena_training_fighter_4|Combattant régulier
trp_arena_training_fighter_4_pl|Combattants réguliers 
trp_arena_training_fighter_5|Combattant régulier
trp_arena_training_fighter_5_pl|Combattants réguliers 
trp_arena_training_fighter_6|Combattant vétéran
trp_arena_training_fighter_6_pl|Combattants vétérans
trp_arena_training_fighter_7|Combattant vétéran
trp_arena_training_fighter_7_pl|Combattants vétérans
trp_arena_training_fighter_8|Combattant vétéran
trp_arena_training_fighter_8_pl|Combattants vétérans
trp_arena_training_fighter_9|Combattant aguerri
trp_arena_training_fighter_9_pl|Combattants aguerris
trp_arena_training_fighter_10|Combattant aguerri
trp_arena_training_fighter_10_pl|Combattants aguerris
trp_cattle|Bétail
trp_cattle_pl|Bétail
trp_farmer|Fermier
trp_farmer_pl|Fermiers
trp_townsman|Habitant du bourg
trp_townsman_pl|Habitants du bourg
trp_watchman|Guetteur
trp_watchman_pl|Guetteurs
trp_caravan_guard|Garde de caravane
trp_caravan_guard_pl|Gardes de caravane
trp_mercenary_horseman|Cavalier mercenaire
trp_mercenary_horseman_pl|Cavaliers mercenaires
trp_mercenary_cavalry|Cavalerie mercenaire
trp_mercenary_cavalry_pl|Cavaleries mercenaires
trp_mercenary_swordsman|Épéiste mercenaire
trp_mercenary_swordsman_pl|Épéistes mercenaires
trp_genoese_crossbowman|Arbalétrier Génois
trp_genoese_crossbowman_pl|Arbalétrier Génois
trp_german_knight|Mercenaire allemand
trp_german_knight_pl|Mercenaries allemandes
trp_hired_blade|Épéiste sous contrat
trp_hired_blade_pl|Épéistes sous contrat
trp_swiss_veteran_halberdier|hallebardier suisse
trp_swiss_veteran_halberdier_pl|hallebardiers suisses
trp_mercenaries_end|Objectif des mercenaires
trp_mercenaries_end_pl|Objectifs de mercenaires 
trp_monk|Moine
trp_monk_pl|Millice
trp_lumberman|Millice
trp_lumberman_pl|Bûcherons
trp_priest|Prêtre
trp_priest_pl|Piquier millicien
trp_executioner|Piquiers milliciens
trp_executioner_pl|Bourreaus
trp_sentry|Sentinelle
trp_sentry_pl|Sentinelles
trp_chaplain|Aumônier
trp_chaplain_pl|Piquier millicien lourd
trp_torturer|Piquiers millicien lourd
trp_torturer_pl|Exécuteurs
trp_mercenary_swordsman|Épéiste mercenaire
trp_mercenary_swordsman_pl|Épéistes mercenaires
trp_bishop|Hallbardier
trp_bishop_pl|Hallbardiers
trp_caravan_master|Maître de caravane
trp_caravan_master_pl|Maîtres de caravane
trp_rider|Chevalier
trp_rider_pl|Chevaliers
trp_mercenary_swordsman|Épéiste mercenaire
trp_mercenary_swordsman_pl|Épéistes mercenaires
trp_hired_blade|Épéiste sous contrat
trp_hired_blade_pl|Épéistes sous contrat
trp_mercenary_crossbowman|Arbalétrier mercenaire
trp_mercenary_crossbowman_pl|Arbalétriers mercenaires
trp_mercenary_horseman|Cavalier mercenaire
trp_mercenary_horseman_pl|Cavaliers mercenaires
trp_mercenary_cavalry|Cavalerie mercenaire
trp_mercenary_cavalry_pl|Cavaleries mercenaires
trp_swadian_recruit|Recrue française
trp_swadian_recruit_pl|Recrues françaises
trp_swadian_militia|Milice française
trp_swadian_militia_pl|Milices françaises
trp_swadian_skirmisher|Tirailleur français
trp_swadian_skirmisher_pl|Tirailleurs français
trp_french_javelinier|Paysan Archer français
trp_french_javelinier_pl|Paysans Archers français
trp_french_bowmen|Archer français
trp_french_bowmen_pl|Archers français
trp_swadian_crossbowman|Arbalétrier français
trp_swadian_crossbowman_pl|Arbalétriers français
trp_swadian_sharpshooter|Arbalétrier lourd français
trp_swadian_sharpshooter_pl|Arbalétriers lourds français
trp_swadian_footman|Fantassin français
trp_swadian_footman_pl|Fantassins français
trp_french_spearmen|Piquier français
trp_french_spearmen_pl|Piquiers français
trp_swadian_infantry|Infantrie française
trp_swadian_infantry_pl|Infantrie françaises
trp_french_hallebardier|Hallbardier français
trp_french_hallebardier_pl|Hallbardiers français
trp_french_pikemen|Vougier francais
trp_french_pikemen_pl|Vougiers francais
trp_swadian_sergeant|Massier francais 
trp_swadian_sergeant_pl|Massiers francais
trp_swadian_man_at_arms|Homme d'armes français
trp_swadian_man_at_arms_pl|Hommes d'armes français
trp_swadian_knight|Chevalier bachelier français
trp_swadian_knight_pl|Chevaliers bacheliers français
trp_french_chevalier_banneret|Chevalier Banneret français
trp_french_chevalier_banneret_pl|Chevaliers Bannerets français
trp_french_chevalier_bachelier_a_pied|Chevalier Bachelier français à Pied
trp_french_chevalier_bachelier_a_pied_pl|Chevaliers Bacheliers français à Pied
trp_french_chevalier_banneret_a_pied|Chevalier Banneret français à Pied
trp_french_chevalier_banneret_a_pied_pl|Chevaliers Bannerets français à Pied
trp_swadian_messenger|Messager français
trp_swadian_messenger_pl|Messagers français
trp_swadian_deserter|Déserteur français
trp_swadian_deserter_pl|Déserteurs français
trp_swadian_prison_guard|Boureau
trp_swadian_prison_guard_pl|Boureau
trp_swadian_castle_guard|Garde du château
trp_swadian_castle_guard_pl|Gardes du château
trp_vaegir_recruit|Recrue anglaise
trp_vaegir_recruit_pl|Recrues anglaises
trp_vaegir_footman|Millicen Anglais
trp_vaegir_footman_pl|Millicens Anglais
trp_vaegir_skirmisher|Tirailleur anglais
trp_vaegir_skirmisher_pl|Tirailleurs anglais
trp_vaegir_archer|Archer anglais
trp_vaegir_archer_pl|Archers anglais
trp_vaegir_marksman|Archer long anglais
trp_vaegir_marksman_pl|Archers long anglais
trp_english_peasant_crossbowman|Arbalétrier paysan anglais
trp_english_peasant_crossbowman_pl|Arbalétriers paysans anglais
trp_english_spearman|Piquier anglais
trp_english_spearman_pl|Piquiers anglais
trp_vaegir_veteran|Fantassin anglais
trp_vaegir_veteran_pl|Fantassins anglais
trp_english_pikeman|Vougier lourd Anglais
trp_english_pikeman_pl|Vougiers lourds Anglais
trp_english_halberdier|Guisarmier Anglais
trp_english_halberdier_pl|Guisarmiers Anglais
trp_vaegir_infantry|Infanterie lourde anglaise
trp_vaegir_infantry_pl|Infanteries lourdes anglaises
trp_vaegir_guard|Hallbardier anglais 
trp_vaegir_guard_pl|Hallbardiers anglais
trp_vaegir_horseman|Ecuyer anglais
trp_vaegir_horseman_pl|Ecuyers anglais
trp_vaegir_knight|Chevalier anglais
trp_vaegir_knight_pl|Chevaliers anglais
trp_english_dismounted_knight|Chevalier Anglais a pied
trp_english_dismounted_knight_pl|Chevaliers Anglais a pied
trp_vaegir_messenger|Messager anglais
trp_vaegir_messenger_pl|Messagers anglais
trp_vaegir_deserter|Déserteur anglais
trp_vaegir_deserter_pl|Déserteurs anglais
trp_vaegir_prison_guard|Geôlier
trp_vaegir_prison_guard_pl|Geôliers
trp_vaegir_castle_guard|Garde du château
trp_vaegir_castle_guard_pl|Gardes du château
trp_looter|bandit de grand chemin
trp_looter_pl|bandits de grand chemin 
trp_bandit|Pillard
trp_bandit_pl|Pillards 
trp_brigand|Brigand
trp_brigand_pl|Brigands
trp_mountain_bandit|écorcheur
trp_mountain_bandit_pl|écorcheurs
trp_forest_bandit|routier
trp_forest_bandit_pl|routiers
trp_sea_raider|retondeur
trp_sea_raider_pl|retondeurs
trp_steppe_bandit|maraudeur basque
trp_steppe_bandit_pl|maraudeurs basques
trp_taiga_bandit|Tard Venu
trp_taiga_bandit_pl|Tard Venus
trp_desert_bandit|Bandit maure
trp_desert_bandit_pl|Bandits maures
trp_black_khergit_horseman|Cavalier noir Khergit
trp_black_khergit_horseman_pl|Cavaliers noirs Khergit
trp_manhunter|Chasseur de primes
trp_manhunter_pl|Chasseurs de primes
trp_slave_driver|Meneur d'esclaves
trp_slave_driver_pl|Meneurs d'esclaves
trp_slave_hunter|Chasseur d'esclaves
trp_slave_hunter_pl|Chasseurs d'esclaves
trp_slave_crusher|Tortionnaire d'esclaves
trp_slave_crusher_pl|Tortionnaires d'esclaves
trp_slaver_chief|Esclavagiste
trp_slaver_chief_pl|Esclavagistes
trp_follower_woman|Paysans Rebels
trp_follower_woman_pl|Paysan Rebel
trp_hunter_woman|Défenseur des opprimés
trp_hunter_woman_pl|Défenseurs des opprimés
trp_fighter_woman|Vengeur
trp_fighter_woman_pl|Vengeur
trp_sword_sister|Champion
trp_sword_sister_pl|Champion
trp_refugee|Réfugié
trp_refugee_pl|Réfugiés
trp_peasant_woman|Paysan révolté
trp_peasant_woman_pl|Paysans révoltés
trp_caravan_master|Maître de caravane
trp_caravan_master_pl|Maîtres de caravane
trp_kidnapped_girl|Fille kidnappée
trp_kidnapped_girl_pl|Filles kidnappées
trp_town_walker_1|Habitant du bourg
trp_town_walker_1_pl|Habitants du bourg
trp_town_walker_2|Habitante du bourg
trp_town_walker_2_pl|Habitantes du bourg
trp_khergit_townsman|Habitant du bourg
trp_khergit_townsman_pl|Habitant du bourg
trp_khergit_townswoman|Habitante du bourg
trp_khergit_townswoman_pl|Habitantes du bourg
trp_sarranid_townsman|Habitant du bourg
trp_sarranid_townsman_pl|Habitant du bourg
trp_sarranid_townswoman|Habitante du bourg
trp_sarranid_townswoman_pl|Habitantes du bourg
trp_village_walker_1|Villageois
trp_village_walker_1_pl|Villageois
trp_village_walker_2|Villageois
trp_village_walker_2_pl|Villageois
trp_spy_walker_1|Habitant du bourg
trp_spy_walker_1_pl|Habitants du bourg
trp_spy_walker_2|Habitante du bourg
trp_spy_walker_2_pl|Habitantes du bourg
trp_tournament_master|Maître du tournoi
trp_tournament_master_pl|Maîtres du tournoi
trp_trainer|maistre d'arme
trp_trainer_pl|maistres d'arme
trp_constable_hareck|Connétable Jean de Poitiers
trp_constable_hareck_pl|Connétables Jean de Poitiers
trp_ramun_the_slave_trader|Ramun, le marchand d'esclaves
trp_ramun_the_slave_trader_pl|Ramun, le marchand d'esclaves
trp_guide|Jimmy le vif
trp_guide_pl|Jimmy le vif
trp_tutorial_trainer|Maître du terrain d'entraînement
trp_tutorial_trainer_pl|Maîtres du terrain d'entraînement
trp_farmer_from_bandit_village|Fermier
trp_farmer_from_bandit_village_pl|Fermiers
trp_trainer_1|maistre d'arme
trp_trainer_1_pl|maistres d'arme
trp_trainer_2|maistre d'arme
trp_trainer_2_pl|maistres d'arme
trp_trainer_3|maistre d'arme
trp_trainer_3_pl|maistres d'arme
trp_trainer_4|maistre d'arme
trp_trainer_4_pl|maistres d'arme
trp_trainer_5|maistre d'arme
trp_trainer_5_pl|maistres d'arme
trp_ransom_broker_1|Rançonneur 
trp_ransom_broker_1_pl|Rançonneurs
trp_ransom_broker_2|Rançonneur 
trp_ransom_broker_2_pl|Rançonneurs
trp_ransom_broker_3|Rançonneur 
trp_ransom_broker_3_pl|Rançonneurs
trp_ransom_broker_4|Rançonneur 
trp_ransom_broker_4_pl|Rançonneurs
trp_ransom_broker_5|Rançonneur 
trp_ransom_broker_5_pl|Rançonneurs
trp_ransom_broker_6|Rançonneur 
trp_ransom_broker_6_pl|Rançonneurs
trp_ransom_broker_7|Rançonneur 
trp_ransom_broker_7_pl|Rançonneurs
trp_ransom_broker_8|Rançonneur 
trp_ransom_broker_8_pl|Rançonneurs
trp_ransom_broker_9|Rançonneur 
trp_ransom_broker_9_pl|Rançonneurs
trp_ransom_broker_10|Rançonneur 
trp_ransom_broker_10_pl|Rançonneurs
trp_tavern_traveler_1|Voyageur
trp_tavern_traveler_1_pl|Voyageurs
trp_tavern_traveler_2|Voyageur
trp_tavern_traveler_2_pl|Voyageurs
trp_tavern_traveler_3|Voyageur
trp_tavern_traveler_3_pl|Voyageurs
trp_tavern_traveler_4|Voyageur
trp_tavern_traveler_4_pl|Voyageurs
trp_tavern_traveler_5|Voyageur
trp_tavern_traveler_5_pl|Voyageurs
trp_tavern_traveler_6|Voyageur
trp_tavern_traveler_6_pl|Voyageurs
trp_tavern_traveler_7|Voyageur
trp_tavern_traveler_7_pl|Voyageurs
trp_tavern_traveler_8|Voyageur
trp_tavern_traveler_8_pl|Voyageurs
trp_tavern_traveler_9|Voyageur
trp_tavern_traveler_9_pl|Voyageurs
trp_tavern_traveler_10|Voyageur
trp_tavern_traveler_10_pl|Voyageurs
trp_tavern_bookseller_1|Marchand de livres
trp_tavern_bookseller_1_pl|Marchands de livres
trp_tavern_bookseller_2|Marchand de livres
trp_tavern_bookseller_2_pl|Marchands de livres
trp_tavern_minstrel_1|Ménestrel
trp_tavern_minstrel_1_pl|Ménestrels
trp_tavern_minstrel_2|Barde nomade
trp_tavern_minstrel_2_pl|Ménestrel
trp_tavern_minstrel_3|Ashik nomade
trp_tavern_minstrel_3_pl|Ménestrel
trp_tavern_minstrel_4|Scalde nomade
trp_tavern_minstrel_4_pl|Ménestrel
trp_tavern_minstrel_5|Troubadour nomade
trp_tavern_minstrel_5_pl|Ménestrel
trp_kingdom_heroes_including_player_begin|Héros du royaume au début dont le joueur
trp_kingdom_heroes_including_player_begin_pl|Héros du royaume au début dont le joueur
trp_npc2|Nicolas
trp_npc2_pl|Nicolas
trp_npc5|Marius
trp_npc5_pl|Marius
trp_npc3|Rouge Stewarta
trp_npc3_pl|Rouge Stewarta
trp_npc8|Noir Stewarta
trp_npc8_pl|Noir Stewarta
trp_npc10|Sir John
trp_npc10_pl|Sir John
trp_npc11|Katrin 
trp_npc11_pl|Katrin 
trp_npc12|Père Anthony
trp_npc12_pl|Père Anthony
trp_npc13|Ismaïl
trp_npc13_pl|Ismaïl
trp_npc16|Amandine
trp_npc16_pl|Amandine
trp_kingdom_1_pretender|Jean sans peur
trp_kingdom_1_pretender_pl|Jean sans peur
trp_kingdom_2_pretender|Owain Lawgoch
trp_kingdom_2_pretender_pl|Owain Lawgoch
trp_knight_1_1_wife|Dame Anna
trp_knight_1_1_wife_pl|femmes des chevaliers 1 1
trp_kingdom_1_lady_1|Dame Beatrice de Clisson
trp_kingdom_1_lady_1_pl|Beatrice de Clisson
trp_kingdom_1_lady_2|Joan de Kent
trp_kingdom_1_lady_2_pl|Joan de Kent
trp_knight_1_lady_3|Dame Beatrice de Chalon
trp_knight_1_lady_3_pl|Beatrice de Chalon
trp_knight_1_lady_4|Dame Margaret de Bourbon
trp_knight_1_lady_4_pl|Margaret de Bourbon
trp_kingdom_l_lady_5|Dame Constanis
trp_kingdom_1_lady_6|Philippa de Hainault
trp_kingdom_1_lady_6_pl|Philippa de Hainault
trp_kingdom_1_lady_7|Dame Isabella de Coucy
trp_kingdom_1_lady_7_pl|Isabella de Coucy
trp_kingdom_1_lady_8|Dame Violante
trp_kingdom_1_lady_9|Infanta Isabella de Castile
trp_kingdom_1_lady_9_pl|Infanta Isabella de Castile
trp_kingdom_1_lady_10|Catherine de Vernon
trp_kingdom_1_lady_10_pl|Catherine de Vernon
trp_kingdom_1_lady_11|Dame Alice Holland
trp_kingdom_1_lady_12|Joanna de Bourbon
trp_kingdom_1_lady_12_pl|Joanna de Bourbon
trp_kingdom_l_lady_13|Dame Isabella de Valois
trp_kingdom_l_lady_13_pl|Isabella de Valois
trp_kingdom_1_lady_14|Dame Tiphaine
trp_kingdom_1_lady_15|Dame Isabelle de Bourbon
trp_kingdom_1_lady_15_pl|Isabelle de Bourbon
trp_kingdom_1_lady_16|Dame Jeanne de Coucy
trp_kingdom_1_lady_16_pl|Jeanne de Coucy
trp_kingdom_1_lady_17|Dame Pernelle de Villiers
trp_kingdom_1_lady_17_pl|Pernelle de Villiers
trp_kingdom_1_lady_18|Dame Isabeau de Craon
trp_kingdom_1_lady_18_pl|Isabeau de Craon
trp_kingdom_1_lady_19|Dame Cecily de Weyland
trp_kingdom_1_lady_19_pl|Cecily de Weyland
trp_kingdom_1_lady_20|Dame Elizabeth Burghersh
trp_kingdom_1_lady_20_pl|Elizabeth Burghersh
trp_kingdom_2_lady_1|Dame Junitha
trp_kingdom_2_lady_1_pl|Junitha
trp_kingdom_2_lady_2|Dame Katia
trp_kingdom_2_lady_3|Dame Seomis
trp_kingdom_2_lady_4|Dame Drina
trp_kingdom_2_lady_5|Dame Nesha
trp_kingdom_2_lady_6|Dame Tabath
trp_kingdom_2_lady_7|Dame Pelaeka
trp_kingdom_2_lady_8|Dame Haris
trp_kingdom_2_lady_9|Dame Vayen
trp_kingdom_2_lady_10|Dame Joaka
trp_kingdom_2_lady_11|Dame Tejina
trp_kingdom_2_lady_12|Dame Olekseia
trp_kingdom_2_lady_13|Dame Myntha
trp_kingdom_2_lady_14|Dame Akilina
trp_kingdom_2_lady_15|Dame Sepana
trp_kingdom_2_lady_16|Dame Iarina
trp_kingdom_2_lady_17|Dame Sihavan
trp_kingdom_2_lady_18|Dame Erenchina
trp_kingdom_2_lady_19|Dame Tamar
trp_kingdom_2_lady_20|Dame Valka
trp_kingdom_3_lady_1|Dame Borge
trp_kingdom_3_lady_2|Dame Tuan 
trp_kingdom_3_lady_3|Dame Mahraz
trp_kingdom_3_lady_4|Dame Ayasu
trp_kingdom_3_lady_5|Dame Ravin
trp_kingdom_3_lady_6|Dame Ruha
trp_kingdom_3_lady_7|Dame Chedina
trp_kingdom_3_lady_8|Dame Kefra
trp_kingdom_3_lady_9|Dame Nirvaz
trp_kingdom_3_lady_10|Dame Dulua
trp_kingdom_3_lady_11|Dame Selik
trp_kingdom_3_lady_12|Dame Thalatha
trp_kingdom_3_lady_13|Dame Yasreen
trp_kingdom_3_lady_14|Dame Nadha
trp_kingdom_3_lady_15|Dame Zenur
trp_kingdom_3_lady_16|Dame Arjis
trp_kingdom_3_lady_17|Dame Atjahan
trp_kingdom_3_lady_18|Dame Qutala
trp_kingdom_3_lady_19|Dame Hindal
trp_kingdom_3_lady_20|Dame Mechet
trp_kingdom_4_lady_1|Dame Jadeth
trp_kingdom_4_lady_2|Dame Miar
trp_kingdom_4_lady_3|Dame Dria
trp_kingdom_4_lady_4|Dame Glunde
trp_kingdom_4_lady_5|Dame Loeka
trp_kingdom_4_lady_6|Dame Bryn
trp_kingdom_4_lady_7|Dame Eir
trp_knight_4_2b_daughter_1|Dame Thera
trp_kingdom_4_lady_9|Dame Hild
trp_knight_4_2c_wife_1|Dame Endegrid
trp_kingdom_4_lady_11|Dame Herjasa
trp_knight_4_2c_daughter|Dame Svipul
trp_knight_4_1b_wife|Dame Ingunn
trp_kingdom_4_lady_14|Dame Kaeteli
trp_knight_4_1b_daughter|Dame Eilif
trp_knight_4_2b_daughter_2|Dame Gudrun
trp_kingdom_4_lady_17|Dame Bergit
trp_knight_4_2c_wife_2|Dame Aesa
trp_knight_4_1c_daughter|Dame Alfrun
trp_kingdom_4_lady_20|Dame Afrid
trp_kingdom_5_lady_1|Dame Brina
trp_kingdom_5_lady_2|Dame Aliena
trp_kingdom_5_lady_3|Dame Aneth
trp_kingdom_5_lady_4|Dame Reada
trp_kingdom_5_5_wife|Dame Saraten
trp_kingdom_5_2b_wife_1|Dame Baotheia
trp_kingdom_5_1c_daughter_1|Dame Eleandra
trp_kingdom_5_2c_daughter_1|Dame Meraced
trp_kingdom_5_1c_wife_1|Dame Adelisa
trp_kingdom_5_2c_wife_1|Dame Calantina
trp_kingdom_5_1c_daughter_2|Dame Forbesa
trp_kingdom_5_2c_daughter_2|Dame Claudora
trp_kingdom_5_1b_wife|Dame Anais
trp_kingdom_5_2b_wife_2|Dame Miraeia
trp_kingdom_5_1c_daughter_3|Dame Agasia
trp_kingdom_5_lady_16|Dame Geneiava
trp_kingdom_5_1c_wife_2|Dame Gwenael
trp_kingdom_5_2c_wife_2|Dame Ysueth
trp_kingdom_5_1c_daughter_4|Dame Ellian
trp_kingdom_5_lady_20|Dame Timethi
trp_kingdom_6_lady_1|Dame Rayma
trp_kingdom_6_lady_2|Dame Thanaikha
trp_kingdom_6_lady_3|Dame Sulaha
trp_kingdom_6_lady_4|Dame Shatha
trp_kingdom_6_lady_5|Dame Bawthan
trp_kingdom_6_lady_6|Dame Mahayl
trp_kingdom_6_lady_7|Dame Isna
trp_kingdom_6_lady_8|Dame Siyafan
trp_kingdom_6_lady_9|Dame Ifar
trp_kingdom_6_lady_10|Dame Yasmin
trp_kingdom_6_lady_11|Dame Dula
trp_kingdom_6_lady_12|Dame Ruwa
trp_kingdom_6_lady_13|Dame Luqa
trp_kingdom_6_lady_14|Dame Zandina
trp_kingdom_6_lady_15|Dame Lulya
trp_kingdom_6_lady_16|Dame Zahara
trp_kingdom_6_lady_17|Dame Safiya
trp_kingdom_6_lady_18|Dame Khalisa
trp_kingdom_6_lady_19|Dame Janab
trp_kingdom_6_lady_20|Dame Sur
trp_town_1_arena_master|Maître du tournoi
trp_town_2_arena_master|Maître du tournoi
trp_town_3_arena_master|Maître du tournoi
trp_town_4_arena_master|Maître du tournoi
trp_town_5_arena_master|Maître du tournoi
trp_town_6_arena_master|Maître du tournoi
trp_town_7_arena_master|Maître du tournoi
trp_town_8_arena_master|Maître du tournoi
trp_town_9_arena_master|Maître du tournoi
trp_town_10_arena_master|Maître du tournoi
trp_town_11_arena_master|Maître du tournoi
trp_town_12_arena_master|Maître du tournoi
trp_town_13_arena_master|Maître du tournoi
trp_town_14_arena_master|Maître du tournoi
trp_town_15_arena_master|Maître du tournoi
trp_town_16_arena_master|Maître du tournoi
trp_town_17_arena_master|Maître du tournoi
trp_town_18_arena_master|Maître du tournoi
trp_town_19_arena_master|Maître du tournoi
trp_town_20_arena_master|Maître du tournoi
trp_town_21_arena_master|Maître du tournoi
trp_town_22_arena_master|Maître du tournoi
trp_town_1_armorer|Armurier
trp_town_2_armorer|Armurier
trp_town_3_armorer|Armurier
trp_town_4_armorer|Armurier
trp_town_5_armorer|Armurier
trp_town_6_armorer|Armurier
trp_town_7_armorer|Armurier
trp_town_8_armorer|Armurier
trp_town_9_armorer|Armurier
trp_town_10_armorer|Armurier
trp_town_11_armorer|Armurier
trp_town_12_armorer|Armurier
trp_town_13_armorer|Armurier
trp_town_14_armorer|Armurier
trp_town_15_armorer|Armurier
trp_town_16_armorer|Armurier
trp_town_17_armorer|Armurier
trp_town_18_armorer|Armurier
trp_town_19_armorer|Armurier
trp_town_20_armorer|Armurier
trp_town_21_armorer|Armurier
trp_town_22_armorer|Armurier
trp_town_1_weaponsmith|Fabricant d'armes
trp_town_2_weaponsmith|Fabricant d'armes
trp_town_3_weaponsmith|Fabricant d'armes
trp_town_4_weaponsmith|Fabricant d'armes
trp_town_5_weaponsmith|Fabricant d'armes
trp_town_6_weaponsmith|Fabricant d'armes
trp_town_7_weaponsmith|Fabricant d'armes
trp_town_8_weaponsmith|Fabricant d'armes
trp_town_9_weaponsmith|Fabricant d'armes
trp_town_10_weaponsmith|Fabricant d'armes
trp_town_11_weaponsmith|Fabricant d'armes
trp_town_12_weaponsmith|Fabricant d'armes
trp_town_13_weaponsmith|Fabricant d'armes
trp_town_14_weaponsmith|Fabricant d'armes
trp_town_15_weaponsmith|Fabricant d'armes
trp_town_16_weaponsmith|Fabricant d'armes
trp_town_17_weaponsmith|Fabricant d'armes
trp_town_18_weaponsmith|Fabricant d'armes
trp_town_19_weaponsmith|Fabricant d'armes
trp_town_20_weaponsmith|Fabricant d'armes
trp_town_21_weaponsmith|Fabricant d'armes
trp_town_22_weaponsmith|Fabricant d'armes
trp_town_1_tavernkeeper|Tavernier
trp_town_2_tavernkeeper|Tavernier
trp_town_3_tavernkeeper|Tavernier
trp_town_4_tavernkeeper|Tavernier
trp_town_5_tavernkeeper|Tavernier
trp_town_6_tavernkeeper|Tavernier
trp_town_7_tavernkeeper|Tavernier
trp_town_8_tavernkeeper|Tavernier
trp_town_9_tavernkeeper|Tavernier
trp_town_10_tavernkeeper|Tavernier
trp_town_11_tavernkeeper|Tavernier
trp_town_12_tavernkeeper|Tavernier
trp_town_13_tavernkeeper|Tavernier
trp_town_14_tavernkeeper|Tavernier
trp_town_15_tavernkeeper|Tavernier
trp_town_16_tavernkeeper|Tavernier
trp_town_17_tavernkeeper|Tavernier
trp_town_18_tavernkeeper|Tavernier
trp_town_19_tavernkeeper|Tavernier
trp_town_20_tavernkeeper|Tavernier
trp_town_21_tavernkeeper|Tavernier
trp_town_22_tavernkeeper|Tavernier
trp_town_1_merchant|Marchand
trp_town_2_merchant|Marchand
trp_town_3_merchant|Marchand
trp_town_4_merchant|Marchand
trp_town_5_merchant|Marchand
trp_town_6_merchant|Marchand
trp_town_7_merchant|Marchand
trp_town_8_merchant|Marchand
trp_town_9_merchant|Marchand
trp_town_10_merchant|Marchand
trp_town_11_merchant|Marchand
trp_town_12_merchant|Marchand
trp_town_13_merchant|Marchand
trp_town_14_merchant|Marchand
trp_town_15_merchant|Marchand
trp_town_16_merchant|Marchand
trp_town_17_merchant|Marchand
trp_town_18_merchant|Marchand
trp_town_19_merchant|Marchand
trp_town_20_merchant|Marchand
trp_town_21_merchant|Marchand
trp_town_22_merchant|Marchand
trp_town_1_horse_merchant|Marchand de chevaux
trp_town_2_horse_merchant|Marchand de chevaux
trp_town_3_horse_merchant|Marchand de chevaux
trp_town_4_horse_merchant|Marchand de chevaux
trp_town_5_horse_merchant|Marchand de chevaux
trp_town_6_horse_merchant|Marchand de chevaux
trp_town_7_horse_merchant|Marchand de chevaux
trp_town_8_horse_merchant|Marchand de chevaux
trp_town_9_horse_merchant|Marchand de chevaux
trp_town_10_horse_merchant|Marchand de chevaux
trp_town_11_horse_merchant|Marchand de chevaux
trp_town_12_horse_merchant|Marchand de chevaux
trp_town_13_horse_merchant|Marchand de chevaux
trp_town_14_horse_merchant|Marchand de chevaux
trp_town_15_horse_merchant|Marchand de chevaux
trp_town_16_horse_merchant|Marchand de chevaux
trp_town_17_horse_merchant|Marchand de chevaux
trp_town_18_horse_merchant|Marchand de chevaux
trp_town_19_horse_merchant|Marchand de chevaux
trp_town_20_horse_merchant|Marchand de chevaux
trp_town_21_horse_merchant|Marchand de chevaux
trp_town_22_horse_merchant|Marchand de chevaux
trp_town_1_mayor|Maîstre de guilde
trp_town_2_mayor|Maîstre de guilde
trp_town_3_mayor|Maîstre de guilde
trp_town_4_mayor|Maîstre de guilde
trp_town_5_mayor|Maîstre de guilde
trp_town_6_mayor|Maîstre de guilde
trp_town_7_mayor|Maîstre de guilde
trp_town_8_mayor|Maîstre de guilde
trp_town_9_mayor|Maîstre de guilde
trp_town_10_mayor|Maîstre de guilde
trp_town_11_mayor|Maîstre de guilde
trp_town_12_mayor|Maîstre de guilde
trp_town_13_mayor|Maîstre de guilde
trp_town_14_mayor|Maîstre de guilde
trp_town_15_mayor|Maîstre de guilde
trp_town_16_mayor|Maîstre de guilde
trp_town_17_mayor|Maîstre de guilde
trp_town_18_mayor|Maîstre de guilde
trp_town_19_mayor|Maîstre de guilde
trp_town_20_mayor|Maîstre de guilde
trp_town_21_mayor|Maîstre de guilde
trp_town_22_mayor|Maîstre de guilde
trp_village_1_elder|Ancien du village
trp_village_2_elder|Ancien du village
trp_village_3_elder|Ancien du village
trp_village_4_elder|Ancien du village
trp_village_5_elder|Ancien du village
trp_village_6_elder|Ancien du village
trp_village_7_elder|Ancien du village
trp_village_8_elder|Ancien du village
trp_village_9_elder|Ancien du village
trp_village_10_elder|Ancien du village
trp_village_11_elder|Ancien du village
trp_village_12_elder|Ancien du village
trp_village_13_elder|Ancien du village
trp_village_14_elder|Ancien du village
trp_village_15_elder|Ancien du village
trp_village_16_elder|Ancien du village
trp_village_17_elder|Ancien du village
trp_village_18_elder|Ancien du village
trp_village_19_elder|Ancien du village
trp_village_20_elder|Ancien du village
trp_village_21_elder|Ancien du village
trp_village_22_elder|Ancien du village
trp_village_23_elder|Ancien du village
trp_village_24_elder|Ancien du village
trp_village_25_elder|Ancien du village
trp_village_26_elder|Ancien du village
trp_village_27_elder|Ancien du village
trp_village_28_elder|Ancien du village
trp_village_29_elder|Ancien du village
trp_village_30_elder|Ancien du village
trp_village_31_elder|Ancien du village
trp_village_32_elder|Ancien du village
trp_village_33_elder|Ancien du village
trp_village_34_elder|Ancien du village
trp_village_35_elder|Ancien du village
trp_village_36_elder|Ancien du village
trp_village_37_elder|Ancien du village
trp_village_38_elder|Ancien du village
trp_village_39_elder|Ancien du village
trp_village_40_elder|Ancien du village
trp_village_41_elder|Ancien du village
trp_village_42_elder|Ancien du village
trp_village_43_elder|Ancien du village
trp_village_44_elder|Ancien du village
trp_village_45_elder|Ancien du village
trp_village_46_elder|Ancien du village
trp_village_47_elder|Ancien du village
trp_village_48_elder|Ancien du village
trp_village_49_elder|Ancien du village
trp_village_50_elder|Ancien du village
trp_village_51_elder|Ancien du village
trp_village_52_elder|Ancien du village
trp_village_53_elder|Ancien du village
trp_village_54_elder|Ancien du village
trp_village_55_elder|Ancien du village
trp_village_56_elder|Ancien du village
trp_village_57_elder|Ancien du village
trp_village_58_elder|Ancien du village
trp_village_59_elder|Ancien du village
trp_village_60_elder|Ancien du village
trp_village_61_elder|Ancien du village
trp_village_62_elder|Ancien du village
trp_village_63_elder|Ancien du village
trp_village_64_elder|Ancien du village
trp_village_65_elder|Ancien du village
trp_village_66_elder|Ancien du village
trp_village_67_elder|Ancien du village
trp_village_68_elder|Ancien du village
trp_village_69_elder|Ancien du village
trp_village_70_elder|Ancien du village
trp_village_71_elder|Ancien du village
trp_village_72_elder|Ancien du village
trp_village_73_elder|Ancien du village
trp_village_74_elder|Ancien du village
trp_village_75_elder|Ancien du village
trp_village_76_elder|Ancien du village
trp_village_77_elder|Ancien du village
trp_village_78_elder|Ancien du village
trp_village_79_elder|Ancien du village
trp_village_80_elder|Ancien du village
trp_village_81_elder|Ancien du village
trp_village_82_elder|Ancien du village
trp_village_83_elder|Ancien du village
trp_village_84_elder|Ancien du village
trp_village_85_elder|Ancien du village
trp_village_86_elder|Ancien du village
trp_village_87_elder|Ancien du village
trp_village_88_elder|Ancien du village
trp_village_89_elder|Ancien du village
trp_village_90_elder|Ancien du village
trp_village_91_elder|Ancien du village
trp_village_92_elder|Ancien du village
trp_village_93_elder|Ancien du village
trp_village_94_elder|Ancien du village
trp_village_95_elder|Ancien du village
trp_village_96_elder|Ancien du village
trp_village_97_elder|Ancien du village
trp_village_98_elder|Ancien du village
trp_village_99_elder|Ancien du village
trp_village_100_elder|Ancien du village
trp_village_101_elder|Ancien du village
trp_village_102_elder|Ancien du village
trp_village_103_elder|Ancien du village
trp_village_104_elder|Ancien du village
trp_village_105_elder|Ancien du village
trp_village_106_elder|Ancien du village
trp_village_107_elder|Ancien du village
trp_village_108_elder|Ancien du village
trp_village_109_elder|Ancien du village
trp_village_110_elder|Ancien du village
trp_merchants_end|Objectif des marchands
trp_merchants_end_pl|Objectifs des marchands
trp_local_merchant|Marchand local
trp_local_merchant_pl|Marchands locaux
trp_tax_rebel|Paysan rebel
trp_tax_rebel_pl|Paysans rebels
trp_trainee_peasant|Paysan
trp_trainee_peasant_pl|Paysans
trp_fugitive|Homme nerveux
trp_fugitive_pl|Hommes nerveux
trp_belligerent_drunk|Belligérant soûl
trp_belligerent_drunk_pl|Belligérants soûls
trp_hired_assassin|Belligérant soûl
trp_hired_assassin_pl|Belligérants soûls
trp_fight_promoter|Organisateur
trp_fight_promoter_pl|Organisateurs
trp_spy|Habitant
trp_spy_pl|Habitants
trp_spy_partner|Habitant quotidien
trp_spy_partner_pl|Habitants quotidiens
trp_nurse_for_lady|Nourrice
trp_nurse_for_lady_pl|Nourrices
trp_temporary_minister|Ministre
trp_temporary_minister_pl|Ministres
trp_swadian_crossbowman_multiplayer_ai|Arbalétrier français
trp_swadian_crossbowman_multiplayer_ai_pl|Arbalétriers français
trp_swadian_infantry_multiplayer_ai|Soldats d'infanterie français
trp_swadian_infantry_multiplayer_ai_pl|Soldats d'infanterie français
trp_swadian_man_at_arms_multiplayer_ai|Homme d'armes français
trp_swadian_man_at_arms_multiplayer_ai_pl|Hommes d'armes français
trp_vaegir_archer_multiplayer_ai|Archer anglais
trp_vaegir_archer_multiplayer_ai_pl|Archers anglais
trp_vaegir_spearman_multiplayer_ai|Lancier anglais
trp_vaegir_spearman_multiplayer_ai_pl|Lanciers anglais
trp_vaegir_horseman_multiplayer_ai|Cavalier anglais
trp_vaegir_horseman_multiplayer_ai_pl|Cavaliers anglais
trp_swadian_crossbowman_multiplayer|Arbalétrier français
trp_swadian_crossbowman_multiplayer_pl|Arbalétriers français
trp_swadian_infantry_multiplayer|Soldats d'infanterie français
trp_swadian_infantry_multiplayer_pl|Soldats d'infanterie français
trp_swadian_man_at_arms_multiplayer|Homme d'armes français
trp_swadian_man_at_arms_multiplayer_pl|Hommes d'armes français
trp_vaegir_archer_multiplayer|Archer anglais
trp_vaegir_archer_multiplayer_pl|Archers anglais
trp_vaegir_spearman_multiplayer|Lancier anglais
trp_vaegir_spearman_multiplayer_pl|Lanciers anglais
trp_vaegir_horseman_multiplayer|Cavalier anglais
trp_vaegir_horseman_multiplayer_pl|Cavaliers anglais
trp_nurse|Nourrice
trp_quick_battle_troop_1|Rodrigo de Braganca
trp_quick_battle_troop_1_pl|Rodrigo de Braganca
trp_quick_battle_troop_11|Argo Sendnar
trp_quick_battle_troop_11_pl|Argo Sendnar
trp_tutorial_fighter_1|Combattant novice
trp_tutorial_fighter_1_pl|Combattants
trp_tutorial_fighter_2|Combattant novice
trp_tutorial_fighter_2_pl|Combattants
trp_tutorial_fighter_3|Combattant régulier
trp_tutorial_fighter_3_pl|Combattants
trp_tutorial_fighter_4|Combattant vétéran
trp_tutorial_fighter_4_pl|Combattants
trp_tutorial_archer_1|Archers
trp_tutorial_master_archer|Mentor en archerie
trp_tutorial_master_archer_pl|Mentors en archerie
trp_tutorial_rider_1|Cavalier
trp_tutorial_rider_2|Archer monté
trp_tutorial_master_horseman|Mentor en équitation
trp_tutorial_master_horseman_pl|Mentors en équitation
trp_swadian_merchant|Marchand de Dijon
trp_vaegir_merchant|Marchand de Grenoble
trp_startup_merchants_end|marchand - fin
trp_startup_merchants_end_pl|marchands – fin
trp_sea_raider_leader|Capitaine des pillards
trp_sea_raider_leader_pl|Pillards
trp_looter_leader|Voleur
trp_looter_leader_pl|Pilleurs
trp_bandit_leaders_end|fin chef des bandits
trp_bandit_leaders_end_pl|fin chef des bandits
trp_relative_of_merchant|Frère du marchand
trp_relative_of_merchants_end|fin de ce qui se rapporte aux marchands
trp_relative_of_merchants_end_pl|fin de ce qui se rapporte aux marchands
trp_dplmc_chamberlain|Chambellan Aubrey de Vere
trp_dplmc_chamberlain_pl|chambellans
trp_dplmc_constable|Connétable Miles de Gloucester
trp_dplmc_constable_pl|Connétables
trp_dplmc_chancellor|Chancelier Herfast
trp_dplmc_chancellor_pl|Chanceliers
trp_dplmc_messenger|Messager
trp_dplmc_messenger_pl|Messagers
trp_dplmc_scout|Éclaireur
trp_dplmc_scout_pl|Éclaireurs
trp_dplmc_recruiter|Recruteur
trp_dplmc_recruiter_pl|Recruteurs